{
  "Team 8bit.mp3": {
    "bpm": 129.19921875,
    "kickInDelay": 15.0
  },
  "Team Bad Boyz.mp3": {
    "bpm": 84.72079918032787,
    "kickInDelay": 0.0
  },
  "Team Banana Power.mp3": {
    "bpm": 129.19921875,
    "kickInDelay": 0.0
  },
  "Team BOOM.mp3": {
    "bpm": 224.69429347826087,
    "kickInDelay": 0.0
  },
  "Team Champions.mp3": {
    "bpm": 92.28515625,
    "kickInDelay": 0.0
  },
  "Team Coffin Dancers.mp3": {
    "bpm": 126.04801829268293,
    "kickInDelay": 4.8
  },
  "Team Epic Battle Music.mp3": {
    "bpm": 109.95678191489361,
    "kickInDelay": 0.0
  },
  "Team Epic Sax.mp3": {
    "bpm": 129.19921875,
    "kickInDelay": 0.0
  },
  "Team Feel Good.mp3": {
    "bpm": 143.5546875,
    "kickInDelay": 1.7
  },
  "Team France.mp3": {
    "bpm": 120.18531976744185,
    "kickInDelay": 0.0
  },
  "Team Jack Sparrow.mp3": {
    "bpm": 143.5546875,
    "kickInDelay": 0.0
  },
  "Team MACARENA.mp3": {
    "bpm": 103.359375,
    "kickInDelay": 0.0
  },
  "Team Not Adel.mp3": {
    "bpm": 109.95678191489361,
    "kickInDelay": 3.5
  },
  "Team Not Bon Jovi.mp3": {
    "bpm": 156.25,
    "kickInDelay": 0.0
  },
  "Team Numa Numa.mp3": {
    "bpm": 129.19921875,
    "kickInDelay": 0.0
  },
  "Team Rasputin.mp3": {
    "bpm": 125.0,
    "kickInDelay": 0.0
  },
  "Team RoboVictory.mp3": {
    "bpm": 114.84375,
    "kickInDelay": 0.0
  },
  "Team Scream.mp3": {
    "bpm": 201.33272058823529,
    "kickInDelay": 0.0
  },
  "Team Sheep.mp3": {
    "bpm": 123.046875,
    "kickInDelay": 0.0
  },
  "Team Shrek.mp3": {
    "bpm": 161.4990234375,
    "kickInDelay": 0.0
  },
  "Team Vitas.mp3": {
    "bpm": 129.19921875,
    "kickInDelay": 0.0
  },
  "Billie Jean.mp3": {
    "bpm": 117.45383522727273,
    "kickInDelay": 4.0
  },
  "Despacito.mp3": {
    "bpm": 89.10290948275862,
    "kickInDelay": 9.0
  },
  "Headbangeeeeerrrrr!!!!!.mp3": {
    "bpm": 184.0,
    "kickInDelay": 14.1
  },
  "Holiday  Boulevard of Broken Dreams.mp3": {
    "bpm": 148.02631578947367,
    "kickInDelay": 7.0
  },
  "RUNNING IN THE 90S.mp3": {
    "bpm": 159.13207547169813,
    "kickInDelay": 18.0
  },
  "Seven Nation Army (1).mp3": {
    "bpm": 126.04801829268293,
    "kickInDelay": 9.0
  },
  "St Patrick Drove A Honda Civic.mp3": {
    "bpm": 172.265625,
    "kickInDelay": 36.0
  }
}